"","Pixel_Lat","Pixel_Long","Turnover_time"
"1",-17.5845165252686,145.648361206055,80.3046959910462
"2",-17.3448715209961,145.887344360352,40.0791251412501
"3",-17.3419761657715,145.405807495117,58.9332099125822
"4",-17.1122608184814,145.853790283203,63.920476809629
"5",-17.0994338989258,-64.8808288574219,34.156703951791
"6",-17.0988731384277,145.649017333984,102.037331401965
"7",-16.619457244873,145.400100708008,109.372329148675
"8",-16.6143493652344,-64.6382904052734,78.0137822503675
"9",-16.3718070983887,145.163269042969,53.5747300963018
"10",-16.1292533874512,145.163269042969,126.849997334392
"11",-15.6441516876221,-62.6979217529297,39.2337657269052
"12",-15.4016094207764,-61.2426414489746,32.8340652165447
"13",-14.9165258407593,-52.2684669494629,39.552319100805
"14",-14.6739835739136,-60.7575569152832,59.3640181739431
"15",-14.6739835739136,-52.2684669494629,71.7238851166441
"16",-14.4314422607422,-61.4851837158203,30.6486345814105
"17",-14.4314422607422,-61.2426414489746,30.2872928176796
"18",-14.4314422607422,-60.7575569152832,35.4396345128112
"19",-14.4311037063599,-60.999568939209,44.6724090059478
"20",-13.7037887573242,143.222900390625,99.5289541555513
"21",-12.7336177825928,-69.9742736816406,47.0009949148529
"22",-12.7336177825928,-69.2466430664062,59.3590911456694
"23",-12.4910764694214,-69.0040893554688,53.4741875945202
"24",-12.00599193573,-71.4295501708984,59.0034391406096
"25",-12.00599193573,-71.1869812011719,53.6116812779795
"26",-11.7634506225586,-71.4295501708984,51.515457464785
"27",-11.0357942581177,-65.6084594726562,81.3834601112396
"28",-10.793251991272,-68.7615356445312,58.1147659933609
"29",-10.5507106781006,-68.2764511108398,48.8647078106932
"30",-10.3081684112549,-75.3102569580078,42.1945495404441
"31",-10.3081684112549,-65.6084594726562,39.6635791279398
"32",-10.0656261444092,-67.5488204956055,22.1457619895327
"33",-10.0656261444092,-65.8509979248047,60.8028240912488
"34",-10.0656261444092,-65.6084594726562,74.425890735979
"35",-9.82308483123779,-67.5488204956055,25.1165864643172
"36",-9.82308483123779,-65.8509979248047,86.0301321331551
"37",-9.82308483123779,-65.6084594726562,90.2260598888648
"38",-9.58054256439209,-55.9066581726074,86.172090092018
"39",-9.09543037414551,-72.1571807861328,35.0533311114743
"40",-8.85288619995117,-72.8848037719727,50.3869905421177
"41",-8.61034488677979,-72.8848037719727,34.7097879536283
"42",-8.61034488677979,36.0179481506348,32.7108343732716
"43",-7.88271903991699,36.9881439208984,165.949885073066
"44",-7.64017677307129,36.9881439208984,164.39554276738
"45",-5.69981098175049,-49.6004753112793,122.873052274099
"46",-5.69981098175049,-49.1153945922852,43.2058374531326
"47",-5.69981098175049,-48.8728523254395,82.4092973890426
"48",-5.2147274017334,38.6859397888184,146.083521088797
"49",-4.9721851348877,-73.6124420166016,66.0338326381686
"50",-4.9721851348877,-73.3698883056641,87.8492648711354
"51",-4.00259590148926,-73.3706436157227,43.6927132259688
"52",-4.00191593170166,-69.9741363525391,89.8357293924267
"53",-3.7595067024231,-73.3700180053711,81.3905363064949
"54",-3.7592408657074,-70.2166748046875,35.1512705330785
"55",-3.51789951324463,-72.8856811523438,78.3391909910513
"56",-3.5172963142395,-72.1563415527344,39.8721207470606
"57",-3.2743616104126,-54.9364585876465,162.907775846498
"58",-3.27430081367493,-72.8846588134766,57.1510849469239
"59",-3.03181958198547,-69.9742736816406,42.0030589596456
"60",-3.02046537399292,-60.0205574035645,79.5212330219546
"61",-3.01808881759644,-59.7910232543945,55.1035301105319
"62",-2.5467357635498,-60.2724723815918,84.1011920363911
"63",-2.5467357635498,-60.0299301147461,51.8672188905336
"64",-2.30417919158936,-60.0299301147461,94.2665638777785
"65",-2.30417919158936,-59.7873687744141,82.3657937114097
"66",-1.83331406116486,-51.2813491821289,107.871603137868
"67",-1.81907963752747,-47.1750259399414,100.578956602352
"68",-1.81907963752747,13.2187023162842,73.2025666766645
"69",-1.81907963752747,20.4950504302979,80.6793403749516
"70",-1.81907963752747,20.7376117706299,99.2322233184417
"71",-1.81454694271088,-51.5468139648438,92.9464478390309
"72",-1.57770419120789,-56.3932647705078,68.5166916660171
"73",-1.3339958190918,-47.1750259399414,55.1789328536235
"74",-1.3339958190918,11.0357942581177,50.9333249134528
"75",-1.3339958190918,13.7037887573242,125.689592761004
"76",-1.33288860321045,-56.3893051147461,48.5548528630535
"77",-1.09145390987396,-77.4931640625,39.8416560004353
"78",-1.09145390987396,-47.6601104736328,45.0071481471558
"79",-1.09145390987396,11.2783365249634,118.500829759308
"80",-1.09145390987396,116.542930603027,87.0331129572741
"81",-1.08889544010162,116.786560058594,28.3578389446795
"82",-0.848911881446838,-52.2684669494629,93.3598740952302
"83",-0.848911881446838,116.542930603027,62.120562951879
"84",-0.606369972229004,-77.4931640625,61.8202787261292
"85",-0.606369972229004,-76.5229949951172,35.725558384454
"86",-0.606369972229004,-76.2804565429688,49.3534563577231
"87",-0.606369972229004,-76.0379104614258,51.5541503816826
"88",-0.363828003406525,11.5208950042725,80.5218213745675
"89",-0.121286064386368,11.5208950042725,99.5236742904341
"90",-0.121286064386368,12.2485342025757,133.905485159053
"91",-0.121286064386368,13.2187023162842,44.8890139207402
"92",-0.121286064386368,114.117477416992,82.1882433202098
"93",-0.121286064386368,115.330215454102,102.190340344658
"94",0.363828003406525,10.3081684112549,81.7671136418834
"95",0.363828003406525,11.0357942581177,85.5132676976824
"96",0.363828003406525,11.2783365249634,118.183846153268
"97",0.363828003406525,12.2485342025757,97.2234519497474
"98",0.363828003406525,12.7336177825928,76.7263720532219
"99",0.363828003406525,13.2187023162842,156.252048410437
"100",0.363923281431198,25.3456497192383,61.1360423989009
"101",0.5664142370224,9.38782119750977,62.453642302697
"102",0.606369972229004,10.5507106781006,79.582997306935
"103",0.606369972229004,11.0357942581177,77.2340519017365
"104",0.606369972229004,11.5208950042725,111.385755910452
"105",0.849478721618652,24.6188297271729,114.415418921633
"106",1.09149169921875,17.8265933990479,28.6810955759695
"107",1.3339958190918,28.4990558624268,136.983049008551
"108",1.3339958190918,28.7415981292725,107.710772222362
"109",1.56279242038727,110.466178894043,79.9165389420284
"110",1.57653772830963,28.4990558624268,111.788072816283
"111",1.57653772830963,31.6521320343018,135.277631714717
"112",1.81907963752747,-67.0637359619141,61.5803002387817
"113",1.81907963752747,117.270561218262,63.0386907254853
"114",2.29888463020325,9.86759185791016,99.5304778954229
"115",2.30417919158936,16.3718070983887,97.3388443447726
"116",2.30417919158936,16.6143493652344,80.3914934940143
"117",2.5467357635498,14.1888999938965,68.1832386940069
"118",2.5467357635498,16.6143493652344,127.408361670491
"119",2.5467357635498,113.147308349609,86.9953994719949
"120",2.78927755355835,13.2187023162842,141.022375130473
"121",2.78927755355835,16.6143493652344,67.5257374422707
"122",3.03181958198547,13.7037887573242,96.3700490648114
"123",3.2743616104126,12.4910764694214,91.4185152025029
"124",3.2743616104126,12.7336177825928,104.210933229373
"125",3.2743616104126,12.9761600494385,118.384241722975
"126",4.00198745727539,-52.7535514831543,69.3177421274002
"127",4.00198745727539,114.845108032227,80.3784914094894
"128",4.24452924728394,114.117477416992,85.4207806230948
"129",4.4870719909668,-58.8171920776367,75.6225686847046
"130",4.4870719909668,-58.574649810791,146.451055713968
"131",4.4870719909668,115.330215454102,95.3608560962302
"132",4.70425415039062,114.623664855957,122.205555917568
"133",4.72964334487915,-58.574649810791,27.1567018120124
"134",4.80618047714233,-2.05531644821167,47.7579756591485
"135",4.9721851348877,-58.574649810791,123.440401571476
"136",4.9721851348877,-2.06162166595459,84.9994670212387
"137",4.9721851348877,8.85288619995117,89.2420307796291
"138",4.9721851348877,117.755668640137,92.5627723943686
"139",5.19356107711792,-52.7743949890137,85.6272033036524
"140",5.2147274017334,-58.574649810791,132.344592023683
"141",5.2147274017334,-2.30417919158936,65.9099573359923
"142",5.2147274017334,-1.81907963752747,74.0794338979021
"143",5.2147274017334,9.58054256439209,97.096506667378
"144",5.2147274017334,9.82308483123779,55.1047190385979
"145",5.2147274017334,13.4612436294556,133.294793171199
"146",5.21606397628784,-2.78677177429199,121.727540408264
"147",5.45726919174194,-7.64017677307129,95.6573244330966
"148",5.45726919174194,-1.81907963752747,60.6253271304394
"149",5.45726919174194,9.58054256439209,81.6408438252841
"150",5.69981098175049,-2.30417919158936,61.3562971711098
"151",5.69981098175049,9.09543037414551,51.7535659188872
"152",5.94235324859619,-3.03181958198547,48.6798070904795
"153",5.94235324859619,-2.06162166595459,65.3463426645832
"154",5.94235324859619,-0.848911881446838,50.5145621376131
"155",5.94235324859619,12.9761600494385,66.6086530114189
"156",6.18489503860474,-74.5826263427734,40.4639836516131
"157",6.18489503860474,-61.4851837158203,43.0330587290759
"158",6.18489503860474,-8.12526035308838,75.8506938632063
"159",6.18489503860474,-2.06162166595459,109.038185427026
"160",6.18489503860474,-0.848911881446838,44.3877133254422
"161",6.18489503860474,9.33800029754639,80.0489971479669
"162",6.18489503860474,12.7336177825928,67.7224833543312
"163",6.18489503860474,116.785469055176,79.3760172492146
"164",6.42743682861328,-2.06162166595459,73.8689944094169
"165",6.66997909545898,-2.06162166595459,85.3496535534735
"166",6.66997909545898,-1.3339958190918,69.6485365596464
"167",6.91253709793091,-2.06162166595459,127.145235065166
"168",7.39763498306274,-70.9444427490234,77.7452554361252
"169",7.39763498306274,-11.0357942581177,74.9598311219814
"170",7.64017677307129,-10.793251991272,47.1621067717216
"171",8.12526035308838,-61.727725982666,72.6539748619504
"172",8.61034488677979,-69.9742736816406,55.0363636363636
"173",8.85288619995117,-71.4295501708984,29.5639597135977
"174",9.08451557159424,-79.9177398681641,49.1437193193385
"175",9.09513187408447,-79.6761779785156,66.6784782917073
"176",9.30697631835938,-79.9077529907227,49.7747959379375
"177",9.33799362182617,-79.6762466430664,59.3546824541538
"178",10.3081684112549,-84.0418853759766,46.1576556659752
"179",28.4990558624268,-82.1015167236328,180.153267821965
"180",34.3201217651367,-91.5607757568359,167.166599273432
"181",34.8040084838867,-87.9218292236328,179.065162273736
"182",34.8052368164062,-84.0418853759766,112.527127347582
"183",34.8052368164062,-83.7993469238281,164.514272246883
"184",35.047779083252,-86.7098770141602,68.9704515534636
"185",35.047779083252,-83.5568008422852,282.610744535044
"186",35.047779083252,-83.3142623901367,93.4496389327686
"187",35.047779083252,-82.5866012573242,64.9119791489013
"188",35.2903213500977,-111.692031860352,174.122548770641
"189",35.2903213500977,-83.5568008422852,74.3426541566869
"190",35.2903213500977,-82.3440628051758,188.861709117525
"191",35.5328636169434,-83.7993469238281,132.038796338603
"192",35.7754058837891,-83.7993469238281,74.9830795322149
"193",35.7754058837891,-83.3142623901367,88.2482972125037
"194",35.7754058837891,-82.3440628051758,142.307195402145
"195",35.7754058837891,-76.7655334472656,198.332996539303
"196",36.0179481506348,-87.1949615478516,147.064198890334
"197",36.0179481506348,-84.7695083618164,84.2837194121552
"198",36.2601509094238,-87.9201736450195,51.0121116327824
"199",36.260326385498,-82.1015701293945,125.697514253728
"200",36.2604904174805,-85.2546234130859,84.2185435606059
"201",36.2604904174805,-84.7695083618164,181.192440135128
"202",36.5030288696289,-118.72583770752,86.2442021900645
"203",36.7455787658691,-91.0756912231445,152.044571000114
"204",36.9881439208984,-93.0160598754883,62.7943535807567
"205",36.9881439208984,-92.0458755493164,120.791633882914
"206",36.9881439208984,-91.8033218383789,127.869747842715
"207",36.9881439208984,-91.0756912231445,293.747052978153
"208",36.9881439208984,-90.1055221557617,102.248634421566
"209",36.9881439208984,-81.1313552856445,266.368961286891
"210",37.2306861877441,-85.9822540283203,163.55178487949
"211",37.4731788635254,-88.1652984619141,167.988901494844
"212",37.4732284545898,-89.3778686523438,23.9026608182536
"213",37.4732284545898,-88.6502456665039,166.442496004093
"214",37.7157707214355,-119.938575744629,50.9558889601193
"215",37.7157707214355,-119.453460693359,207.102092144024
"216",37.7157707214355,-90.5906066894531,172.687034879864
"217",37.7157707214355,-89.3778686523438,154.164414063709
"218",37.7157707214355,-79.1909866333008,144.047793093483
"219",37.7157707214355,-78.4633636474609,92.5812229456474
"220",37.9583129882812,-91.8033218383789,239.562623670905
"221",37.9583129882812,-91.5607757568359,81.9817534753528
"222",37.9583129882812,-91.0756912231445,123.123327116093
"223",37.9583129882812,-90.3480682373047,147.530176276269
"224",37.9583129882812,-79.1909866333008,218.711437866427
"225",38.200855255127,-105.628387451172,81.6789959448198
"226",38.200855255127,-93.9862289428711,146.83321804447
"227",38.200855255127,-91.0756912231445,37.8308131143361
"228",38.200855255127,-86.2247924804688,81.5757232166924
"229",38.200855255127,-79.6760711669922,25.3633628519983
"230",38.4433975219727,-93.0160598754883,84.9895250292802
"231",38.4433975219727,-92.0458755493164,177.891771628823
"232",38.4433975219727,-91.5607757568359,121.16427843806
"233",38.4433975219727,-90.5906066894531,155.291215435527
"234",38.4433975219727,-79.1909866333008,92.1073185704645
"235",38.4433975219727,-78.2208023071289,226.072231049207
"236",38.6859397888184,-106.113502502441,37.6274301629217
"237",38.6859397888184,-91.5607757568359,131.911526625222
"238",38.6859397888184,-91.3182373046875,66.6633705669685
"239",38.6859397888184,-91.0756912231445,124.973801404375
"240",38.6859397888184,-90.5906066894531,56.739563197802
"241",38.6859397888184,-78.9484481811523,100.011307904325
"242",38.6859397888184,-77.9782485961914,88.0541898068704
"243",38.6860237121582,-111.692085266113,32.5868530813604
"244",38.692497253418,-77.2545852661133,160.678298413186
"245",38.9284820556641,-104.900764465332,291.747596774233
"246",38.9284820556641,-91.0756912231445,210.459214128381
"247",38.9284820556641,-86.2247924804688,98.8183155132523
"248",38.9284820556641,-78.4633636474609,110.850224526247
"249",38.9287948608398,-106.598648071289,178.796836620978
"250",39.1710433959961,-106.113502502441,152.340514258551
"251",39.1710433959961,-86.2247924804688,119.252020414467
"252",39.1710433959961,-77.4931640625,222.966581874137
"253",39.4135932922363,-105.870948791504,42.3071785455089
"254",39.4135932922363,-105.628387451172,67.4417721495477
"255",39.6560516357422,-105.87084197998,86.9183500106369
"256",39.8986778259277,-105.870948791504,133.282669626037
"257",39.8986778259277,-77.4931640625,104.231078137263
"258",39.8986778259277,-75.7953414916992,115.260533974578
"259",40.1412200927734,-77.4931640625,146.672394143599
"260",40.1412200927734,-74.340087890625,86.0993505015815
"261",40.3837623596191,-106.598587036133,202.752228777235
"262",40.3837623596191,-77.4931640625,72.6242631931145
"263",40.3838729858398,-78.2209701538086,47.8446540921387
"264",40.3888244628906,-121.14949798584,82.335311320759
"265",40.8688468933105,-109.994209289551,104.000681216535
"266",40.8688468933105,-77.9782485961914,233.868871341838
"267",41.1113891601562,-77.0080795288086,165.413114344398
"268",41.1113891601562,-75.3102569580078,78.3097521272145
"269",41.1113891601562,-75.0677108764648,42.9666595366299
"270",41.1113891601562,-74.8251724243164,78.6869655411554
"271",41.1113891601562,-74.340087890625,200.07128208246
"272",41.3539390563965,-78.9484481811523,149.471207818053
"273",41.3539390563965,-77.9782485961914,154.743231462943
"274",41.5963745117188,-73.1272277832031,193.956934406423
"275",41.5965003967285,-78.4633636474609,104.324881952611
"276",41.5965003967285,-77.7357025146484,149.682343894261
"277",41.8389472961426,-78.9484176635742,139.582804537578
"278",41.8390426635742,-75.3102569580078,145.029178859704
"279",42.0815849304199,-92.2884292602539,20.0049786983352
"280",42.0815849304199,-71.6720962524414,209.825399649869
"281",42.0827255249023,-74.0968933105469,164.537018456216
"282",42.2978820800781,-70.9742202758789,124.615742164182
"283",42.3241271972656,-74.340087890625,143.909045326682
"284",42.5666694641113,-73.1273498535156,185.162385541316
"285",42.5666847229004,-85.982292175293,129.473292572904
"286",43.0517539978027,-91.3182373046875,255.084478346047
"287",43.2941741943359,-74.5826644897461,90.8542834155644
"288",43.2942962646484,-96.6542358398438,118.411347683392
"289",43.2942962646484,-89.8629837036133,80.5849744807106
"290",43.2942962646484,-71.9146347045898,175.642405558019
"291",43.5335388183594,-91.3208847045898,71.4655774078649
"292",43.5368385314941,-92.2884292602539,220.260301619687
"293",43.5368385314941,-91.0756912231445,77.9668719467681
"294",43.5368385314941,-74.097541809082,142.488130335632
"295",43.5369873046875,-73.6106414794922,271.477887840319
"296",43.5370635986328,-74.3397521972656,135.516050461074
"297",43.7789993286133,-74.5821914672852,104.779972236116
"298",43.7792549133301,-91.3200378417969,118.049029278274
"299",43.7792739868164,-73.855712890625,197.963055813953
"300",43.7794036865234,-91.0756912231445,51.7357675558181
"301",43.7794036865234,-90.3480682373047,104.905730819091
"302",43.7794036865234,-74.097541809082,100.990771622187
"303",43.7800407409668,-65.6077194213867,55.1562483565346
"304",43.7818031311035,-65.3670043945312,77.446033603114
"305",44.021858215332,-70.9444580078125,129.390085893781
"306",44.0219039916992,-74.3400268554688,100.437403896843
"307",44.0219497680664,-92.0458755493164,53.720849968032
"308",44.0219497680664,-89.6204147338867,175.512672137368
"309",44.0219497680664,-74.097541809082,113.074317161119
"310",44.0219879150391,-74.8253860473633,167.683064399853
"311",44.2635231018066,-92.047004699707,133.829018531829
"312",44.2638664245605,-65.3667984008789,36.1837638075177
"313",44.2643814086914,-74.0973434448242,166.423117778235
"314",44.2644500732422,-69.2466125488281,114.058581613965
"315",44.2644920349121,-122.364028930664,66.4871062900814
"316",44.2644920349121,-122.121482849121,183.725780791251
"317",44.2644920349121,-91.0756912231445,103.995612994168
"318",44.2644920349121,-71.9146347045898,183.709950868711
"319",44.2644920349121,-71.6720962524414,99.1706360111539
"320",44.2651138305664,-121.879425048828,61.4431379527342
"321",44.2756576538086,-65.1207809448242,37.2875816004149
"322",44.3015327453613,-68.3008193969727,173.578769111228
"323",44.5015029907227,-65.8422393798828,14.0728580444786
"324",44.5070343017578,-122.364028930664,80.1524300457998
"325",44.5070343017578,-121.636367797852,170.320936830707
"326",44.5070343017578,-103.930595397949,296.821417732435
"327",44.5070343017578,-72.8848037719727,176.269129051586
"328",44.5070343017578,-70.9444427490234,312.111839547834
"329",44.5071067810059,-64.8807144165039,59.1851395223303
"330",44.507152557373,-64.6389694213867,68.550934107374
"331",44.5073204040527,-65.1231002807617,27.3881940247809
"332",44.7488670349121,-65.3652496337891,113.396449009795
"333",44.7495231628418,-64.1533203125,31.9604566022722
"334",44.7495765686035,-74.340087890625,219.308887256547
"335",44.7495765686035,-64.8808288574219,27.0005279888989
"336",44.7495765686035,-64.3957290649414,60.7031619977561
"337",44.7498016357422,-70.4593887329102,71.9819330706925
"338",44.7502479553223,-64.6385269165039,30.4953859920065
"339",44.7532196044922,-63.4270668029785,92.1981765276334
"340",44.7589530944824,-67.3042221069336,81.1448205548488
"341",44.8162269592285,-62.7131309509277,50.0440366014086
"342",44.9919967651367,-68.2765655517578,107.453767514791
"343",44.9921188354492,-122.121482849121,154.564531743607
"344",44.9921188354492,-88.6502456665039,74.8959112335662
"345",44.9921188354492,-70.2168121337891,165.478920617886
"346",44.9921188354492,-63.9106330871582,108.491279657798
"347",44.9921188354492,-63.1830062866211,24.3153831235047
"348",44.9933891296387,-63.6692047119141,48.3666143810082
"349",44.9955177307129,-62.4577255249023,64.4799857760908
"350",45.0249519348145,-62.2192459106445,51.9543189634232
"351",45.1788101196289,-64.6356964111328,73.1390285071823
"352",45.1847076416016,-83.3913879394531,203.093436440718
"353",45.2003021240234,-63.9017944335938,62.4538106153353
"354",45.2339286804199,-69.2457962036133,103.132268678067
"355",45.2345085144043,-69.7315063476562,91.0812517825636
"356",45.2346611022949,-84.526969909668,60.6636635410644
"357",45.2346611022949,-84.284423828125,223.121818803389
"358",45.2346611022949,-69.4891891479492,137.604685327333
"359",45.2346611022949,-68.7615356445312,49.6895865784093
"360",45.2346954345703,-62.6979751586914,83.6766447186322
"361",45.2347221374512,-90.5903625488281,203.723197733781
"362",45.2542686462402,-61.4888076782227,33.8626376499063
"363",45.4772033691406,-68.0339050292969,122.031238492667
"364",45.4772033691406,-62.6979217529297,57.9496701704348
"365",45.477222442627,-92.5310821533203,147.510092391967
"366",45.4775581359863,-63.4252471923828,21.0551904612998
"367",45.6989669799805,-60.740364074707,36.0493566969498
"368",45.7111511230469,-63.4321098327637,97.0742173411305
"369",45.7196159362793,-63.6680793762207,73.2528145229383
"370",45.7196273803711,-91.075798034668,97.2475133523283
"371",45.7197456359863,-91.3182373046875,173.769359105599
"372",45.7197456359863,-70.459358215332,83.3690286871153
"373",45.7198371887207,-61.2439651489258,70.5327368353329
"374",45.7200050354004,-68.7562103271484,49.9621011938742
"375",45.7209815979004,-69.0073623657227,212.884587354446
"376",45.9333000183105,-63.9316329956055,248.880413904311
"377",45.9600830078125,-90.1035690307617,45.3417794531948
"378",45.9622955322266,-68.5189895629883,135.453208243475
"379",45.9623184204102,-61.2428398132324,125.719101202343
"380",45.9861946105957,-60.7557029724121,31.9759686763659
"381",46.2047080993652,-68.7607879638672,120.77242950806
"382",46.2048606872559,-122.364028930664,182.117281023403
"383",46.2048606872559,-88.8927841186523,65.7452141979766
"384",46.2048606872559,-87.4375152587891,153.31211340244
"385",46.2048606872559,-85.0120544433594,50.362582470646
"386",46.2049789428711,-76.5230484008789,60.3224447024762
"387",46.2049942016602,-61.0002288818359,194.485651576801
"388",46.2051086425781,-91.5609664916992,120.106995281662
"389",46.209300994873,-60.5176315307617,94.1351534333811
"390",46.4153709411621,-86.966796875,240.205718711821
"391",46.4193153381348,-86.7043914794922,42.6649982717821
"392",46.4409217834473,-60.9917602539062,166.193309848799
"393",46.4467277526855,-73.1276245117188,20.4918773824297
"394",46.4471244812012,-69.7323532104492,177.805424515234
"395",46.4473648071289,-92.0458602905273,214.004832411578
"396",46.4474029541016,-89.8629837036133,181.251919077433
"397",46.4474029541016,-77.7357025146484,36.1382257582793
"398",46.4474029541016,-73.8550033569336,42.1501253096773
"399",46.4474029541016,-70.459358215332,27.5255853809138
"400",46.4474029541016,-68.5189895629883,257.738212698418
"401",46.4475860595703,-89.1354370117188,48.0508083053061
"402",46.4476013183594,-88.6502075195312,169.193878934298
"403",46.4526786804199,-93.4969863891602,96.2565891186078
"404",46.6876029968262,-88.4064102172852,169.409144008101
"405",46.6897926330566,-121.636268615723,172.810258604168
"406",46.6899185180664,-60.7575340270996,35.0634495732662
"407",46.68994140625,-121.878921508789,178.991931805002
"408",46.68994140625,-121.393829345703,119.687071417658
"409",46.68994140625,-88.1651611328125,148.671109994364
"410",46.68994140625,-87.9226150512695,124.616480677168
"411",46.6899566650391,-77.4930419921875,38.5541973246882
"412",46.6899795532227,-76.7654266357422,40.9097587757527
"413",46.6899795532227,-76.5229797363281,46.9601816257221
"414",46.9310646057129,-92.2911224365234,87.1220468776939
"415",46.9310836791992,-68.5193710327148,171.783177525972
"416",46.9319496154785,-76.522102355957,30.7156061712271
"417",46.932315826416,-78.4622955322266,26.735348754264
"418",46.9324188232422,-76.280387878418,23.0372385252865
"419",46.9324417114258,-77.4930801391602,37.4403395752047
"420",46.9324836730957,-121.393829345703,289.368308102219
"421",46.9324836730957,-93.5011444091797,57.161258217511
"422",46.9332466125488,-68.7614135742188,213.427074460561
"423",46.9337959289551,-77.9799270629883,31.8949303294822
"424",46.9396133422852,-121.887222290039,71.9175419228938
"425",47.1743049621582,-77.2513198852539,24.4560519176255
"426",47.1744956970215,-78.2199935913086,41.7108106102211
"427",47.1749687194824,-75.3104476928711,44.2753711457464
"428",47.1750221252441,-77.0081939697266,23.500123345999
"429",47.1750259399414,-95.1989669799805,113.68581209771
"430",47.1750259399414,-93.9862289428711,205.52477971579
"431",47.1750259399414,-91.8033218383789,89.110814588174
"432",47.1750259399414,-71.4295501708984,27.3870307548067
"433",47.1750259399414,-71.1869812011719,20.1031557700316
"434",47.1750259399414,-69.2466430664062,81.4183013717662
"435",47.1751899719238,-77.7353591918945,35.8001221498739
"436",47.17529296875,-77.9781723022461,19.0231884302403
"437",47.1753578186035,-76.7651596069336,24.9070191374666
"438",47.1753768920898,-77.4933624267578,49.2673632160735
"439",47.1756935119629,-75.7947082519531,39.8652893840011
"440",47.1757774353027,-75.5532455444336,20.6870193083455
"441",47.1760215759277,-78.4634170532227,30.1788138021281
"442",47.1764068603516,-76.2788467407227,37.7153618766434
"443",47.4144744873047,-87.9424514770508,104.324969544318
"444",47.4146881103516,-77.2525100708008,61.3363362131781
"445",47.4165725708008,-77.4924926757812,27.4068299948794
"446",47.4167823791504,-74.0957260131836,58.2706115494758
"447",47.4173622131348,-91.8033065795898,270.719902677345
"448",47.4174118041992,-78.4630813598633,40.8859241484525
"449",47.4175224304199,-75.7953491210938,37.4791777563382
"450",47.4175682067871,-76.2804565429688,17.3821045011693
"451",47.4175682067871,-71.4295501708984,39.544171482062
"452",47.4175682067871,-70.7018966674805,28.9670394293343
"453",47.4175796508789,-92.0458679199219,68.8944842486568
"454",47.4176292419434,-75.3103256225586,20.4784972745295
"455",47.4176635742188,-95.1985092163086,165.218307041878
"456",47.4177284240723,-75.5526428222656,36.5722269081921
"457",47.4181632995605,-76.0378265380859,36.801869804189
"458",47.418384552002,-78.2208862304688,21.5482737561152
"459",47.4237060546875,-76.5234680175781,52.9112316247745
"460",47.6594276428223,-94.7146148681641,124.812714058891
"461",47.6597290039062,-92.0460815429688,106.890038463196
"462",47.6599273681641,-91.0755386352539,114.028238748922
"463",47.6599502563477,-77.4932174682617,35.9640667448456
"464",47.6601104736328,-91.3182373046875,72.1798711185445
"465",47.6601104736328,-70.7018966674805,48.6525072783091
"466",47.6601753234863,-93.2584762573242,93.5538984035532
"467",47.6604080200195,-71.1868591308594,28.8154676782058
"468",47.6605377197266,-94.9574432373047,105.776589401991
"469",47.6605529785156,-70.9441528320312,36.4413601662311
"470",47.6608772277832,-77.0085678100586,59.3124163986638
"471",47.6756553649902,-90.8434600830078,313.221402155867
"472",47.902229309082,-92.0468444824219,87.145333214665
"473",47.9023666381836,-78.2210159301758,26.5417295544792
"474",47.9024276733398,-90.5901107788086,223.1443515505
"475",47.9026412963867,-76.7652740478516,86.4397402349263
"476",47.9026527404785,-93.9862289428711,44.312833154656
"477",47.9026527404785,-93.7436828613281,128.344768188148
"478",47.9026527404785,-76.0379104614258,29.9758036640058
"479",47.9052276611328,-123.82169342041,80.5107455768305
"480",47.9453506469727,-89.8733444213867,221.637998227022
"481",48.1428642272949,-70.2182846069336,15.5279643178705
"482",48.1441421508789,-91.8033828735352,78.7731628062175
"483",48.1451950073242,-94.2287673950195,143.522304776848
"484",48.1451950073242,-93.9862289428711,276.790125661247
"485",48.1451950073242,-93.7436828613281,219.952443044617
"486",48.1451950073242,-92.5309753417969,176.188480987106
"487",48.1479148864746,-93.0170059204102,130.234265769766
"488",48.151439666748,-95.2030563354492,138.297767613781
"489",48.1515922546387,-116.555046081543,140.293128993483
"490",48.1698188781738,-94.9646606445312,70.7512355907245
"491",48.3859481811523,-92.7746276855469,42.7071488549054
"492",48.3870697021484,-55.9066772460938,68.2751376744015
"493",48.3877601623535,-93.9862289428711,71.0533655653197
"494",48.3877601623535,-93.5011444091797,127.88257424351
"495",48.3877601623535,-66.3360824584961,18.5764290689915
"496",48.3880081176758,-55.6642570495605,53.4015366311483
"497",48.6294898986816,-64.3995132446289,60.8375049786781
"498",48.6297187805176,-55.1783714294434,70.0809385945223
"499",48.6301460266113,-70.702262878418,49.5000167850821
"500",48.6301918029785,-55.4216537475586,74.3372025430616
"501",48.6303024291992,-56.1494407653809,98.3213026098524
"502",48.6303100585938,-70.2168121337891,25.0763909527631
"503",48.6303100585938,-69.7317276000977,35.3347378777517
"504",48.6303100585938,-69.4891891479492,30.8073073293305
"505",48.6303100585938,-67.0637359619141,25.3154743504437
"506",48.6303100585938,-66.5786209106445,16.6093025009029
"507",48.6314735412598,-58.3318557739258,43.5933147286758
"508",48.6428031921387,-69.2546539306641,32.0023590256832
"509",48.8709449768066,-54.6956825256348,79.4221961097359
"510",48.8726081848145,-113.874885559082,26.2830169721515
"511",48.8728523254395,-116.057846069336,128.134143223776
"512",48.8728523254395,-70.9444427490234,37.3653259934749
"513",48.8728523254395,-66.5786209106445,26.8495310026163
"514",48.8728523254395,-65.6084594726562,18.1448933182008
"515",48.8728942871094,-75.0677719116211,23.9336936847651
"516",48.8739585876465,-121.637649536133,115.732018343635
"517",48.8740577697754,-71.1878509521484,51.8424940711504
"518",49.095947265625,-64.8876113891602,19.9373422732845
"519",49.1136856079102,-55.6630668640137,78.7137846384481
"520",49.1150741577148,-121.636306762695,150.784307604935
"521",49.1152877807617,-121.878372192383,95.6741529891852
"522",49.1153144836426,-86.2241897583008,105.973880542735
"523",49.1153945922852,-118.968376159668,95.4383792754679
"524",49.1153945922852,-118.483291625977,88.1083362104879
"525",49.1153945922852,-116.057846069336,111.973554280272
"526",49.1156921386719,-121.151321411133,105.475246955319
"527",49.1219596862793,-57.3695602416992,134.937366058943
"528",49.1502532958984,-61.7768669128418,27.3545714458494
"529",49.3557319641113,-117.996444702148,70.4668054812848
"530",49.3575325012207,-85.4969635009766,32.8491070017243
"531",49.3579330444336,-121.15128326416,133.150552065347
"532",49.3579330444336,-120.666198730469,58.2725005513463
"533",49.3579330444336,-120.42366027832,68.4555672966443
"534",49.3579330444336,-118.72583770752,45.4026061079962
"535",49.3579330444336,-117.028015136719,82.2288523235299
"536",49.3579330444336,-116.057846069336,125.231478813143
"537",49.3579330444336,-115.087669372559,143.158745197581
"538",49.3579330444336,-114.360023498535,86.7153188683244
"539",49.3579330444336,-114.117477416992,50.5160245453696
"540",49.3579330444336,-95.9265899658203,123.755691111078
"541",49.3579330444336,-85.9822540283203,132.644172262096
"542",49.3579330444336,-85.2546234130859,94.0787342384141
"543",49.3579330444336,-72.6422653198242,19.5301949768602
"544",49.3581466674805,-121.636322021484,101.137586027128
"545",49.3627853393555,-56.8695983886719,43.2311276164825
"546",49.3731689453125,-68.0380325317383,17.4565827122944
"547",49.3828392028809,-67.7943954467773,14.9402653778779
"548",49.3969573974609,-67.5506210327148,73.1173774905568
"549",49.5942001342773,-56.6237373352051,91.8490775116856
"550",49.5986442565918,-86.2263336181641,57.0990387525513
"551",49.6000137329102,-122.849342346191,125.321481932545
"552",49.6002616882324,-126.001831054688,226.190872509754
"553",49.6004409790039,-85.9822158813477,40.2807413688612
"554",49.6004753112793,-121.15128326416,124.548381064152
"555",49.6004753112793,-120.666198730469,77.9878700800375
"556",49.6004753112793,-120.42366027832,81.9489190516384
"557",49.6004753112793,-118.968376159668,119.420182058525
"558",49.6004753112793,-116.057846069336,94.667041946179
"559",49.6004753112793,-85.7397079467773,55.60107854981
"560",49.6004753112793,-85.4971694946289,143.852882961214
"561",49.6061515808105,-67.3179931640625,50.2958594598552
"562",49.6278305053711,-124.040245056152,157.666215864689
"563",49.8332710266113,-56.3841514587402,224.264302367066
"564",49.8396415710449,-57.1168365478516,124.858451933095
"565",49.8425445556641,-95.4407424926758,140.838733640611
"566",49.843017578125,-126.244728088379,66.5670176618639
"567",49.843017578125,-126.002182006836,109.075653055887
"568",49.843017578125,-120.908744812012,85.2665254845226
"569",49.843017578125,-114.117477416992,46.628071336521
"570",49.843017578125,-113.874938964844,101.885646394755
"571",49.8433380126953,-117.027893066406,53.937546209147
"572",50.0839920043945,-117.032073974609,47.3874553830565
"573",50.0855598449707,-120.908744812012,81.2139115695191
"574",50.0855598449707,-118.968376159668,25.0018842817463
"575",50.0855598449707,-114.602561950684,58.5962230674208
"576",50.0855598449707,-114.360023498535,87.9515581407406
"577",50.0857582092285,-121.875648498535,94.127365641112
"578",50.086727142334,-95.4427795410156,91.303788015716
"579",50.0868797302246,-117.998207092285,80.5487595789559
"580",50.3242797851562,-118.005783081055,153.71074590145
"581",50.3255157470703,-125.520477294922,145.903473664787
"582",50.3270721435547,-125.269996643066,118.092773887132
"583",50.3274803161621,-117.030494689941,122.071076339659
"584",50.3281021118164,-118.968376159668,104.53420395551
"585",50.3281021118164,-116.057846069336,108.587506813669
"586",50.3281021118164,-114.602561950684,57.704022838803
"587",50.3491058349609,-63.9082908630371,25.66806200367
"588",50.3721771240234,-65.36767578125,16.6509784131008
"589",50.5524063110352,-127.216339111328,133.135199352257
"590",50.5706520080566,-119.938575744629,112.19577098771
"591",50.5706520080566,-118.968376159668,97.3652446124313
"592",50.5714263916016,-116.058235168457,103.641894266114
"593",50.5734634399414,-126.487411499023,121.711880785318
"594",50.574634552002,-126.243766784668,136.553039823681
"595",50.8094902038574,-118.96076965332,100.719684598545
"596",50.8130416870117,-60.0300636291504,26.1530451855913
"597",50.8130912780762,-59.544807434082,27.7436631475397
"598",50.8132171630859,-119.938575744629,105.91370370756
"599",50.8154830932617,-117.034645080566,87.36827373928
"600",51.0554542541504,-95.92626953125,112.121929320037
"601",51.0557594299316,-121.878921508789,90.1742845309321
"602",51.0557594299316,-120.908744812012,128.960130583569
"603",51.0557594299316,-119.938575744629,90.5251169566417
"604",51.0558929443359,-95.4422225952148,65.1210212085758
"605",51.0559730529785,-60.2721252441406,18.4537324795451
"606",51.055980682373,-95.6840896606445,66.1739530284745
"607",51.0569496154785,-117.02677154541,61.2969527147247
"608",51.0573844909668,-118.963562011719,73.7515295758739
"609",51.2982139587402,-121.879035949707,38.6605053151116
"610",51.2983016967773,-120.908744812012,47.2864217623122
"611",51.2983016967773,-119.938575744629,109.039724909928
"612",51.2985458374023,-114.845336914062,21.6692377043426
"613",51.2989501953125,-56.3904190063477,39.8255586278673
"614",51.540843963623,-119.938575744629,87.8817445838552
"615",51.540843963623,-115.087669372559,67.5867457959702
"616",51.540843963623,-100.777488708496,49.3806987614177
"617",51.7822380065918,-120.910362243652,34.8723711539476
"618",51.7833862304688,-115.087669372559,104.410248513045
"619",51.7913513183594,-97.381706237793,88.6544153378101
"620",52.0259246826172,-115.815299987793,93.8316475693369
"621",52.0259246826172,-115.330215454102,79.7585180915107
"622",52.0259246826172,-115.087669372559,50.2768758264845
"623",52.2684020996094,-115.088447570801,42.0615678251633
"624",52.2684669494629,-116.057846069336,84.6186953804662
"625",52.2684669494629,-115.815299987793,185.915774229011
"626",52.2684669494629,-115.572761535645,72.3992501169131
"627",52.2684669494629,-115.330215454102,85.7044814498776
"628",52.2686767578125,-119.937629699707,86.5505923415637
"629",52.5109558105469,-103.444976806641,44.1977229672384
"630",52.5110092163086,-116.300384521484,139.166235179856
"631",52.5110092163086,-116.057846069336,103.464120562311
"632",52.5110092163086,-115.815299987793,70.8309357041987
"633",52.5110092163086,-115.572761535645,132.459568671813
"634",52.5110092163086,-102.71785736084,70.7803355551859
"635",52.5110092163086,-102.475311279297,82.9402189099368
"636",52.511043548584,-121.878929138184,28.9962640965484
"637",52.7535514831543,-116.542930603027,135.249783966345
"638",52.7535514831543,-116.300384521484,112.169056672109
"639",52.7535514831543,-115.815299987793,87.7445980283855
"640",52.7540435791016,-99.0793838500977,83.5574224005537
"641",52.782299041748,-132.049575805664,182.062882445046
"642",52.982120513916,-99.0901412963867,67.4171084792311
"643",52.9960403442383,-132.066360473633,116.640934788213
"644",52.9961204528809,-122.849113464355,74.6969509296471
"645",52.9961204528809,-121.878921508789,118.372893808427
"646",52.9961204528809,-116.300384521484,33.0536879658708
"647",52.9961204528809,-116.057846069336,66.9964832041775
"648",52.9961204528809,-115.815299987793,102.272078460151
"649",52.9961204528809,-102.71785736084,66.2240294327207
"650",52.9968452453613,-115.329345703125,57.357685779589
"651",53.2386665344238,-122.849113464355,37.5668818819022
"652",53.2386665344238,-115.815299987793,66.0708546892226
"653",53.2386665344238,-115.572761535645,69.7034002506131
"654",53.2386665344238,-115.330215454102,52.0118423089716
"655",53.2386665344238,-102.71785736084,68.7237714674523
"656",53.2448234558105,-101.019439697266,94.8346668349154
"657",53.4812088012695,-115.815299987793,120.282986364177
"658",53.4812088012695,-115.330215454102,71.17477852548
"659",53.7123184204102,-105.395011901855,99.3755502688232
"660",53.7211837768555,-105.139877319336,87.2872783824855
"661",53.7237510681152,-106.841133117676,44.2093626494267
"662",53.7237510681152,-103.930595397949,65.2650297695358
"663",53.7239608764648,-126.971992492676,102.099034929294
"664",53.7248229980469,-105.869697570801,151.984025392655
"665",53.9556655883789,-101.264030456543,33.0420941850548
"666",53.9621849060059,-107.090202331543,86.8834997668109
"667",53.9647750854492,-105.877822875977,110.590036014216
"668",53.9658164978027,-105.626441955566,116.507598330823
"669",53.9662933349609,-117.270561218262,114.437329609846
"670",53.9662933349609,-117.028015136719,96.2451410802215
"671",53.9662933349609,-115.815299987793,44.0469720669997
"672",53.9662933349609,-107.326217651367,67.7925075457778
"673",53.9664154052734,-116.05786895752,116.985543917616
"674",53.9745101928711,-100.301750183105,119.184679900656
"675",53.976676940918,-105.391159057617,75.8166123315749
"676",54.194507598877,-105.603729248047,98.2774853332469
"677",54.2088356018066,-121.878921508789,97.6955913605079
"678",54.2088356018066,-117.028015136719,102.501271635423
"679",54.2088356018066,-116.785469055176,61.3935985675164
"680",54.2088356018066,-116.542930603027,63.7812677576223
"681",54.2088356018066,-116.300384521484,85.6637025908208
"682",54.2088356018066,-116.057846069336,60.8811067385384
"683",54.2089996337891,-107.568840026855,33.0773403938721
"684",54.2091293334961,-107.811950683594,47.0013040135451
"685",54.2103385925293,-101.263694763184,106.956897751435
"686",54.2103958129883,-107.328155517578,78.609157596778
"687",54.4478302001953,-108.546524047852,53.6488096549333
"688",54.4495582580566,-107.31810760498,93.9414894365384
"689",54.4499092102051,-103.689399719238,132.249917302262
"690",54.4505462646484,-107.082153320312,97.1301796803851
"691",54.4509162902832,-118.726341247559,108.102401191208
"692",54.4512062072754,-108.295341491699,100.588185460662
"693",54.4513740539551,-126.972381591797,46.7677755217085
"694",54.4513740539551,-118.968376159668,64.9703834043894
"695",54.4513740539551,-117.513130187988,89.7825096821859
"696",54.4513740539551,-115.572761535645,58.9260921369366
"697",54.452880859375,-105.143562316895,90.2726770252627
"698",54.6778602600098,-126.001998901367,18.8753476016196
"699",54.69384765625,-109.752021789551,111.341334767282
"700",54.6938858032227,-126.972297668457,51.0692883473803
"701",54.6939163208008,-118.968376159668,108.090268957113
"702",54.6939163208008,-118.72583770752,124.699689980782
"703",54.6939163208008,-118.240753173828,50.1576518188419
"704",54.6939163208008,-117.513130187988,64.3399907455112
"705",54.6939163208008,-117.270561218262,73.4361862763194
"706",54.6939163208008,-115.815299987793,37.8271874868806
"707",54.6939163208008,-115.572792053223,65.3721749103733
"708",54.6939163208008,-115.330215454102,65.8043614466253
"709",54.6939163208008,-105.385848999023,132.064224341772
"710",54.6970367431641,-108.539253234863,114.815073950582
"711",54.9349708557129,-108.297622680664,83.2789965145421
"712",54.9364585876465,-115.572761535645,63.0951827002575
"713",54.9364585876465,-115.330215454102,67.1159437676276
"714",54.9364585876465,-112.662200927734,27.7354786427131
"715",54.9404144287109,-99.801887512207,63.9002526705693
"716",54.9604110717773,-107.322021484375,126.155887301298
"717",55.1785659790039,-105.871650695801,126.47480320908
"718",55.1790008544922,-114.845108032227,21.1044969709216
"719",55.179012298584,-122.849113464355,72.8632480533153
"720",55.1790809631348,-111.934677124023,78.4455910010815
"721",55.4209747314453,-119.938056945801,85.875397378801
"722",55.421573638916,-120.908744812012,77.2734720578188
"723",55.421573638916,-111.9345703125,57.2264244216193
"724",55.4215850830078,-111.69214630127,66.5748486805551
"725",55.4220924377441,-114.117881774902,43.0911736870578
"726",55.662410736084,-115.089157104492,85.5906902908194
"727",55.6640510559082,-114.602630615234,40.694138443542
"728",55.6641159057617,-121.878921508789,153.448999663179
"729",55.6641159057617,-119.938575744629,44.2655508938758
"730",55.6641159057617,-112.419654846191,66.7477386347132
"731",56.3914985656738,-115.329254150391,66.2547704692345
"732",56.3917427062988,-119.696022033691,52.6171725910582
"733",56.3917427062988,-119.210922241211,77.511485888541
"734",56.6342849731445,-119.453460693359,69.4702226912259
"735",56.6342849731445,-119.210922241211,85.1509111966511
"736",56.6342849731445,-118.72583770752,121.612266800791
"737",56.6342849731445,-118.483291625977,101.328937803678
"738",56.6342849731445,-118.240753173828,73.6667493056929
"739",56.6342849731445,-115.087669372559,53.1214095172383
"740",56.6357040405273,-115.328872680664,55.6236156388534
"741",56.8768272399902,-122.849113464355,141.871414414694
"742",56.8768272399902,-121.878921508789,45.5959552097315
"743",56.8768272399902,-118.483291625977,105.853055996478
"744",57.1193466186523,-122.849136352539,124.978781418945
"745",57.1193656921387,-118.240753173828,65.5340615288387
"746",57.1193656921387,-117.998207092285,89.7651392843118
"747",57.1193656921387,-117.755668640137,99.0435525070807
"748",57.1193656921387,-115.087669372559,36.3305765431208
"749",57.1194000244141,-111.44947052002,125.788465964529
"750",57.3619079589844,-115.330215454102,40.3927228670075
"751",58.3321075439453,-117.270561218262,70.9722256095147
"752",58.574649810791,-117.513130187988,68.0915218256383
"753",58.574649810791,-117.270561218262,48.8074330803945
"754",58.8171920776367,-124.061820983887,65.8720433179322
"755",58.8171920776367,-117.513130187988,57.0504973089773
"756",58.8171920776367,-117.270561218262,74.5756026805525
"757",59.0597343444824,-122.849113464355,119.472055650106
"758",59.0597343444824,-117.755668640137,74.2638269200141
"759",59.0597343444824,-117.513130187988,103.511102477494
"760",59.3022766113281,-124.061820983887,58.0176854230628
"761",59.3022766113281,-117.270561218262,117.271202541556
"762",59.5448188781738,-117.270561218262,145.714381296732
"763",59.7871627807617,-117.02806854248,108.574819840144
"764",60.5153160095215,-150.013885498047,61.0084770436592
"765",60.522705078125,-150.505340576172,34.8038142390803
"766",60.5258369445801,-150.253601074219,54.8640768608501
"767",60.7575454711914,-150.499267578125,34.2900064521747
"768",61.2426414489746,-149.529067993164,58.0991394335104
"769",61.4847068786621,-150.014862060547,35.8574838751949
"770",61.4852523803711,-149.28515625,44.5388600076213
"771",61.4853172302246,-149.044769287109,47.1659894206325
"772",61.4953460693359,-149.518447875977,61.0369567437014
"773",61.6911697387695,-142.972030639648,54.8135827029674
"774",61.719051361084,-146.35758972168,15.9074254528481
"775",61.727725982666,-150.014175415039,80.4607927636173
"776",61.727725982666,-149.529067993164,37.3135704033248
"777",61.727725982666,-145.163269042969,98.7009630395382
"778",61.7279472351074,-149.043823242188,49.4103084326543
"779",61.9701919555664,-150.013046264648,91.3465162351521
"780",61.9702682495117,-150.499252319336,27.1239190784555
"781",61.9707832336426,-150.257171630859,65.2612994929298
"782",61.9766616821289,-146.626052856445,80.4798958440975
"783",61.9786224365234,-146.366256713867,94.1881771880302
"784",62.2126235961914,-150.257186889648,122.391001268794
"785",62.2127685546875,-150.013748168945,39.3260364368283
"786",62.212833404541,-150.499252319336,113.585314411694
"787",62.455379486084,-144.920715332031,137.07931949042
"788",62.4557800292969,-150.256942749023,84.8937805888037
"789",62.6979217529297,-144.678161621094,72.6642566882829
"790",62.6979217529297,-143.707992553711,37.4281597508915
"791",62.6981468200684,-146.133377075195,123.068004464589
"792",62.9404640197754,-149.771621704102,152.203872823334
"793",63.1830062866211,-149.529067993164,59.3351520849641
"794",63.1830062866211,-149.286514282227,58.3404552504704
"795",63.1830062866211,-143.222900390625,50.0717481187483
"796",63.189079284668,-150.240280151367,26.4199384997671
"797",63.4305076599121,-150.010848999023,25.6256923552413
"798",63.4554901123047,-145.129425048828,161.556819905048
"799",63.4728736877441,-145.403472900391,43.1894573698498
"800",63.6669692993164,-144.679214477539,42.9735471083531
"801",63.6680908203125,-144.920715332031,22.7438768257703
"802",64.1531753540039,-149.771621704102,20.4686194948003
"803",64.3957214355469,-149.286544799805,47.2174908046453
"804",64.395866394043,-146.375885009766,40.4168804237027
"805",64.6382904052734,-149.529067993164,44.7143036993068
"806",64.6382904052734,-146.861068725586,121.070856478311
"807",64.6382904052734,-145.163269042969,76.4961322051062
"808",64.8807601928711,-149.771682739258,35.1726918982335
"809",64.8808288574219,-148.316345214844,73.8919054540118
"810",64.8808288574219,-145.405807495117,164.620411161582
"811",64.8808288574219,-145.163269042969,105.179696652799
"812",64.8808288574219,-143.222900390625,125.774266866286
"813",65.3659133911133,-145.163269042969,51.964093607691
"814",65.3659133911133,-144.920715332031,71.2889888819896
